order_id,seller_id,created_at,updated_at,cancelled_at,discount,email,customer,address,notes,items
7c216b91-7ab0-32fc-9ab6-51e369d3fbd7,4c744572-2045-32e7-8f9c-017b8fc21240,2025-06-29T16:17:10+00:00,,,37.93,roob.celia@yahoo.com,"Michelle Klocko","{""street"":""52182 Lowell Burg Suite 514"",""city"":""South Mckayla"",""zip"":""63544-8234"",""country"":""Chile""}","[""Saepe voluptatem laudantium suscipit nostrum a aspernatur."",""Omnis ea aliquid ducimus itaque repellat in aut."",""Sunt eos necessitatibus mollitia."",""Officiis voluptatem quod maxime consectetur similique.""]","[{""sku"":""SKU_0003"",""quantity"":2,""price"":292.53},{""sku"":""SKU_0002"",""quantity"":1,""price"":437.5},{""sku"":""SKU_0003"",""quantity"":1,""price"":292.53},{""sku"":""SKU_0003"",""quantity"":5,""price"":292.53}]"
f19baae8-b388-3af2-88d5-8c10dd1e3d0e,b3511b96-ff1d-3a4a-8c72-a81e5d0f4668,2025-01-16T23:17:24+00:00,,,23.91,darion77@oberbrunner.org,"Gracie Toy","{""street"":""674 Valentine Divide"",""city"":""Lilianport"",""zip"":""88065"",""country"":""Bulgaria""}","[""Quos fugit dolores est eligendi rem."",""Debitis quidem nostrum aut ipsa praesentium velit neque est."",""Nostrum ab sunt voluptas nihil."",""Rerum natus vitae itaque asperiores animi architecto consequatur.""]","[{""sku"":""SKU_0002"",""quantity"":5,""price"":437.5},{""sku"":""SKU_0004"",""quantity"":10,""price"":282.63},{""sku"":""SKU_0003"",""quantity"":7,""price"":292.53},{""sku"":""SKU_0004"",""quantity"":10,""price"":282.63}]"
ab0d15f0-163e-3702-bdac-9e7bebca7b56,81686dec-2e4b-3d1d-b981-4ac3d2e75cff,2025-05-03T14:07:16+00:00,2025-05-06T14:07:16+00:00,,,tkuhn@yahoo.com,"Neil O'Conner","{""street"":""10539 Ruecker Run"",""city"":""Randallhaven"",""zip"":""28545-1641"",""country"":""Equatorial Guinea""}","[""Commodi qui illum esse fuga odio ut similique."",""Perferendis sed ad labore minus."",""Debitis voluptatem pariatur aut sunt.""]","[{""sku"":""SKU_0005"",""quantity"":3,""price"":48.61},{""sku"":""SKU_0005"",""quantity"":1,""price"":48.61},{""sku"":""SKU_0002"",""quantity"":6,""price"":437.5},{""sku"":""SKU_0003"",""quantity"":3,""price"":292.53}]"
f3052bbe-f9f2-3506-bdd0-6beed5384cd9,3be1f9d6-3077-3d1b-b7b1-0be0b7d5c820,2025-10-04T02:38:35+00:00,2025-10-07T02:38:35+00:00,,,wauer@haag.com,"Delphia Stark","{""street"":""7300 Auer Trace Suite 700"",""city"":""Bradtkefurt"",""zip"":""09184"",""country"":""Switzerland""}","[""Harum non dolorem neque esse."",""Corrupti numquam est et eius."",""Praesentium voluptatem rerum qui cum."",""Et asperiores aperiam ex ea."",""Enim laboriosam saepe aliquid hic et ut omnis reiciendis.""]","[{""sku"":""SKU_0003"",""quantity"":9,""price"":292.53},{""sku"":""SKU_0004"",""quantity"":3,""price"":282.63}]"
ec4cdf60-0845-3552-8ae9-f5e1021e3c82,b3511b96-ff1d-3a4a-8c72-a81e5d0f4668,2025-03-01T11:35:07+00:00,,,48.56,thiel.leon@johnson.com,"Macey Kassulke","{""street"":""786 Karlie View Suite 986"",""city"":""Hermanchester"",""zip"":""56709"",""country"":""United States of America""}","[""Sit sint omnis blanditiis voluptatum mollitia commodi non.""]","[{""sku"":""SKU_0003"",""quantity"":2,""price"":292.53}]"
835f7b58-2a83-3fd7-90d9-66c606cb7620,d889cb1e-126a-3447-b15d-6961e3b1915e,2025-05-07T16:33:31+00:00,,,37.41,idell74@grant.com,"Amy Runte","{""street"":""9888 Vladimir Key"",""city"":""Lesleyberg"",""zip"":""48642"",""country"":""Chad""}","[""Ab rerum sed maxime eum et."",""Animi eligendi molestiae est ipsum.""]","[{""sku"":""SKU_0002"",""quantity"":8,""price"":437.5}]"
01acc055-5927-38f6-951e-1f0d9fe18638,d889cb1e-126a-3447-b15d-6961e3b1915e,2025-11-07T09:01:27+00:00,2025-11-08T09:01:27+00:00,,37.04,wgreen@marks.com,"Enid Walker","{""street"":""85230 Bartell Road Apt. 799"",""city"":""East Cristian"",""zip"":""34685-6531"",""country"":""Malta""}","[""Distinctio non nostrum dolores necessitatibus voluptatibus."",""Natus natus quo excepturi."",""Eum ducimus inventore laborum error ducimus modi.""]","[{""sku"":""SKU_0003"",""quantity"":5,""price"":292.53},{""sku"":""SKU_0003"",""quantity"":2,""price"":292.53},{""sku"":""SKU_0005"",""quantity"":9,""price"":48.61}]"
0d2880f7-98cf-3728-b847-48e3db5c0a1a,b3511b96-ff1d-3a4a-8c72-a81e5d0f4668,2025-09-04T18:54:22+00:00,2025-09-06T18:54:22+00:00,,,josiane93@jaskolski.com,"Cole Legros","{""street"":""85039 Stephon Valley Suite 139"",""city"":""Strackehaven"",""zip"":""46594-6820"",""country"":""Bermuda""}","[""Placeat quis sit expedita."",""Delectus eius necessitatibus corrupti sit."",""Similique minima sed est.""]","[{""sku"":""SKU_0003"",""quantity"":9,""price"":292.53}]"
9c70fb3c-c3b3-3f25-bcb3-f211d56ae1b4,3be1f9d6-3077-3d1b-b7b1-0be0b7d5c820,2025-06-02T09:28:25+00:00,,,,bcrona@harvey.info,"Lottie Strosin","{""street"":""526 Elaina Port Suite 704"",""city"":""Larsonstad"",""zip"":""97460-1049"",""country"":""Reunion""}","[""Ut architecto minus qui voluptatum officia."",""Expedita dolor est et recusandae.""]","[{""sku"":""SKU_0003"",""quantity"":1,""price"":292.53},{""sku"":""SKU_0003"",""quantity"":3,""price"":292.53},{""sku"":""SKU_0004"",""quantity"":7,""price"":282.63},{""sku"":""SKU_0003"",""quantity"":3,""price"":292.53}]"
e01a28dd-ae95-3482-bd21-9e1998177b3b,81686dec-2e4b-3d1d-b981-4ac3d2e75cff,2025-05-09T13:56:16+00:00,,,17.69,dorcas39@gmail.com,"Oscar Hoeger","{""street"":""366 Legros Street Suite 901"",""city"":""New Brandyfort"",""zip"":""97103"",""country"":""Pitcairn Islands""}","[""Quo debitis et animi dolores est vel omnis asperiores."",""Illo cupiditate rerum voluptatem ipsum eius et.""]","[{""sku"":""SKU_0005"",""quantity"":1,""price"":48.61},{""sku"":""SKU_0005"",""quantity"":4,""price"":48.61}]"
6d9f483e-473c-365e-937e-41ef1ff396de,3be1f9d6-3077-3d1b-b7b1-0be0b7d5c820,2025-10-23T03:18:00+00:00,,,39.4,reggie33@gmail.com,"Blair Schmeler","{""street"":""65260 Taya Forges"",""city"":""West Linwoodberg"",""zip"":""58891"",""country"":""Benin""}","[""Et perspiciatis ut quo sunt odio odit."",""Voluptas doloribus et et architecto et dolorem."",""Aliquam et eum sequi corrupti tenetur sit."",""Molestias totam tenetur culpa."",""Optio perspiciatis veniam dolor veniam sed sit.""]","[{""sku"":""SKU_0002"",""quantity"":3,""price"":437.5}]"
2c2487d6-d5e9-3940-9055-49bd720b6875,3be1f9d6-3077-3d1b-b7b1-0be0b7d5c820,2025-07-09T02:09:32+00:00,,,,bartoletti.carmel@yahoo.com,"Alanis Gibson","{""street"":""45109 Ledner Stream Apt. 244"",""city"":""Schuppechester"",""zip"":""03383-1153"",""country"":""Lithuania""}","[""Soluta sit doloribus non enim."",""Dolore quia eum cupiditate quia nihil."",""Corrupti et aperiam debitis corrupti quasi vero.""]","[{""sku"":""SKU_0004"",""quantity"":1,""price"":282.63},{""sku"":""SKU_0003"",""quantity"":5,""price"":292.53}]"
79d4618f-1273-3b22-a395-5cf8f2b2e235,81686dec-2e4b-3d1d-b981-4ac3d2e75cff,2025-01-01T18:56:48+00:00,2025-01-04T18:56:48+00:00,,,jerad06@weimann.com,"Nettie Boehm","{""street"":""530 Nitzsche Ranch"",""city"":""Angelinaton"",""zip"":""87810-3739"",""country"":""Dominican Republic""}","[""Ea voluptatem quis repellat labore eaque et voluptas."",""Nihil odit et aut eum quo id quidem."",""Maiores aut dolores expedita voluptatem aspernatur enim.""]","[{""sku"":""SKU_0004"",""quantity"":10,""price"":282.63}]"
90e51538-b4ae-33b4-95db-52cd9060dabc,3be1f9d6-3077-3d1b-b7b1-0be0b7d5c820,2025-05-09T15:48:38+00:00,,,,labadie.william@yahoo.com,"Maryjane Cremin","{""street"":""14986 Sipes Squares Suite 932"",""city"":""Christiansenland"",""zip"":""39681"",""country"":""Luxembourg""}","[""Voluptatem quo cum repellat debitis et.""]","[{""sku"":""SKU_0005"",""quantity"":5,""price"":48.61},{""sku"":""SKU_0002"",""quantity"":4,""price"":437.5},{""sku"":""SKU_0004"",""quantity"":6,""price"":282.63}]"
ed5aa088-2652-3e1a-9fa4-33b8f4328a16,b3511b96-ff1d-3a4a-8c72-a81e5d0f4668,2025-10-11T14:20:12+00:00,,,,kyle.kassulke@hotmail.com,"Harley Conroy","{""street"":""731 Kirlin Dale Apt. 031"",""city"":""West Keith"",""zip"":""27983-9417"",""country"":""Uzbekistan""}","[""Veniam aperiam eaque est distinctio quia tempore."",""Est velit exercitationem consequuntur facere sed quod."",""Enim ea molestias vitae beatae minima ut."",""Nobis est suscipit et."",""Esse ad ea cum sint at sit adipisci repudiandae.""]","[{""sku"":""SKU_0004"",""quantity"":6,""price"":282.63},{""sku"":""SKU_0005"",""quantity"":9,""price"":48.61},{""sku"":""SKU_0003"",""quantity"":10,""price"":292.53},{""sku"":""SKU_0005"",""quantity"":10,""price"":48.61}]"
7914272a-7182-3571-8aa7-a20320601193,81686dec-2e4b-3d1d-b981-4ac3d2e75cff,2025-08-07T05:03:31+00:00,,,36.15,hintz.guillermo@yahoo.com,"Thalia Lockman","{""street"":""60167 Bernhard Brook"",""city"":""Gayletown"",""zip"":""22338-5942"",""country"":""Ghana""}","[""Dicta perspiciatis exercitationem dicta consequatur et ullam."",""Reprehenderit illum ea voluptates sed.""]","[{""sku"":""SKU_0003"",""quantity"":10,""price"":292.53},{""sku"":""SKU_0003"",""quantity"":1,""price"":292.53},{""sku"":""SKU_0004"",""quantity"":8,""price"":282.63},{""sku"":""SKU_0005"",""quantity"":10,""price"":48.61}]"
ec96d879-43b0-3739-b6d7-5dceae5d9e9f,81686dec-2e4b-3d1d-b981-4ac3d2e75cff,2025-05-21T11:30:38+00:00,2025-05-23T11:30:38+00:00,,33.73,mckenna.huel@parisian.com,"Fiona Christiansen","{""street"":""46265 Bonnie Dam"",""city"":""Farrellshire"",""zip"":""25057-1289"",""country"":""Mongolia""}","[""Voluptas soluta odit aut."",""Tenetur magni quam nihil officia ut est earum."",""Aut qui dicta et necessitatibus.""]","[{""sku"":""SKU_0003"",""quantity"":10,""price"":292.53}]"
5c6b8c24-e435-3ee2-a717-df78ccae5f52,d889cb1e-126a-3447-b15d-6961e3b1915e,2025-08-28T05:36:07+00:00,,,46.27,dubuque.raoul@hotmail.com,"Abelardo Towne","{""street"":""3918 Christop Lock"",""city"":""East Elodychester"",""zip"":""84691"",""country"":""Chile""}","[""Quia vel iure occaecati voluptates in minus rerum et."",""Non harum ea ipsum minus temporibus est."",""Itaque occaecati qui autem excepturi accusantium sit.""]","[{""sku"":""SKU_0005"",""quantity"":10,""price"":48.61},{""sku"":""SKU_0005"",""quantity"":6,""price"":48.61},{""sku"":""SKU_0002"",""quantity"":5,""price"":437.5},{""sku"":""SKU_0005"",""quantity"":4,""price"":48.61}]"
0deae83c-dc39-3f7a-ad31-c702e4142fc0,d889cb1e-126a-3447-b15d-6961e3b1915e,2025-02-09T21:13:14+00:00,2025-02-10T21:13:14+00:00,,7.87,connelly.domingo@will.com,"Coby Casper","{""street"":""19483 Tess Way Suite 897"",""city"":""Lake Ericaburgh"",""zip"":""99433-0535"",""country"":""Armenia""}","[""Corrupti id omnis dolor at consectetur dicta rem vero."",""Nemo dolor porro adipisci."",""Quibusdam pariatur tempore quia earum ex et et repellat."",""Tempora ullam atque et quo ipsum.""]","[{""sku"":""SKU_0002"",""quantity"":6,""price"":437.5}]"
d4069f4e-934a-3f93-bb82-1ec24ca466b4,81686dec-2e4b-3d1d-b981-4ac3d2e75cff,2025-08-12T16:27:27+00:00,2025-08-15T16:27:27+00:00,,,charity.adams@gorczany.org,"Guy Swaniawski","{""street"":""59628 Monty Hollow"",""city"":""Nitzschetown"",""zip"":""21078-3043"",""country"":""Grenada""}","[""Eos voluptas eaque aperiam hic ut ut."",""Placeat cumque aliquid voluptatem.""]","[{""sku"":""SKU_0002"",""quantity"":7,""price"":437.5},{""sku"":""SKU_0003"",""quantity"":2,""price"":292.53},{""sku"":""SKU_0003"",""quantity"":4,""price"":292.53},{""sku"":""SKU_0004"",""quantity"":3,""price"":282.63}]"
05d767a3-4355-37bf-b286-f03d78615273,4c744572-2045-32e7-8f9c-017b8fc21240,2025-10-22T14:54:04+00:00,,,,rlangosh@harris.info,"Elsie Von","{""street"":""9918 Merlin Heights Suite 008"",""city"":""Jeffryport"",""zip"":""68174"",""country"":""San Marino""}","[""Ipsum a nihil facere animi debitis id velit."",""Ut magni eum nulla eum provident quasi enim."",""Nemo minus ratione occaecati sapiente nam modi.""]","[{""sku"":""SKU_0002"",""quantity"":3,""price"":437.5},{""sku"":""SKU_0003"",""quantity"":7,""price"":292.53},{""sku"":""SKU_0003"",""quantity"":2,""price"":292.53},{""sku"":""SKU_0002"",""quantity"":1,""price"":437.5}]"
3ee1bf20-4eef-3100-8cff-6fc0f8d5a5c1,3be1f9d6-3077-3d1b-b7b1-0be0b7d5c820,2025-02-22T19:25:19+00:00,,,,stella54@windler.com,"Amiya Kautzer","{""street"":""39355 Gleichner Heights Suite 618"",""city"":""West Walkerhaven"",""zip"":""26116-9281"",""country"":""Mali""}","[""Sed non aliquid cumque quia vitae."",""Consectetur consequatur voluptas laboriosam est vitae reprehenderit."",""Consequatur sit culpa vitae."",""Consequatur est vero fugit rerum optio est dignissimos dolorem."",""Itaque deleniti ad quis sapiente.""]","[{""sku"":""SKU_0003"",""quantity"":7,""price"":292.53}]"
3f69719d-e7fe-3ee9-b048-9e7ae7e0df9d,b3511b96-ff1d-3a4a-8c72-a81e5d0f4668,2025-08-17T16:58:02+00:00,,,,alisa74@yahoo.com,"Reymundo Turcotte","{""street"":""7852 Kassulke Pine Suite 691"",""city"":""Reillyton"",""zip"":""78239"",""country"":""Guyana""}","[""Et sequi architecto enim cupiditate ut repudiandae est.""]","[{""sku"":""SKU_0005"",""quantity"":8,""price"":48.61}]"
b222f8db-7c93-381d-868a-cf5302a26752,4c744572-2045-32e7-8f9c-017b8fc21240,2025-05-21T00:27:36+00:00,,,,haleigh.wyman@gmail.com,"Hyman Howe","{""street"":""817 Skiles Land"",""city"":""West Vada"",""zip"":""64214-9302"",""country"":""Angola""}","[""Dolorem optio voluptatum beatae aspernatur esse.""]","[{""sku"":""SKU_0003"",""quantity"":8,""price"":292.53},{""sku"":""SKU_0004"",""quantity"":4,""price"":282.63},{""sku"":""SKU_0005"",""quantity"":5,""price"":48.61},{""sku"":""SKU_0004"",""quantity"":6,""price"":282.63}]"
73d17457-ee38-39e6-9669-34f0161d21f5,b3511b96-ff1d-3a4a-8c72-a81e5d0f4668,2025-03-11T17:49:02+00:00,2025-03-11T21:49:02+00:00,2025-03-11T21:49:02+00:00,32.31,dock20@hotmail.com,"Marguerite O'Hara","{""street"":""58344 Weimann Oval"",""city"":""Hesselport"",""zip"":""87278-3038"",""country"":""Estonia""}","[""Minus qui rerum labore natus quod."",""Voluptas exercitationem voluptatem tenetur quis in placeat laboriosam facere."",""Est repellat aperiam ea."",""Sunt ipsam recusandae suscipit incidunt ullam ut sunt molestiae.""]","[{""sku"":""SKU_0004"",""quantity"":4,""price"":282.63},{""sku"":""SKU_0002"",""quantity"":2,""price"":437.5},{""sku"":""SKU_0003"",""quantity"":6,""price"":292.53},{""sku"":""SKU_0003"",""quantity"":8,""price"":292.53}]"
690dd87f-2e2e-31de-b823-820ac687b981,4c744572-2045-32e7-8f9c-017b8fc21240,2025-06-06T15:45:51+00:00,,,,darby01@gmail.com,"Jammie Aufderhar","{""street"":""32960 Matilde Ford Suite 463"",""city"":""South Heidifurt"",""zip"":""38425"",""country"":""Australia""}","[""Nam fugit voluptatum sit et."",""Optio autem ducimus et illo ad."",""Tenetur delectus qui qui voluptas ut fugit."",""Amet ut voluptas ut rem voluptates doloribus provident.""]","[{""sku"":""SKU_0005"",""quantity"":5,""price"":48.61}]"
fb25a55d-f4f7-32ed-9b88-1fbb2476eb68,b3511b96-ff1d-3a4a-8c72-a81e5d0f4668,2025-02-15T23:58:30+00:00,,,,muhammad18@hotmail.com,"Madalyn McDermott","{""street"":""97235 Kiarra Street"",""city"":""Stokestown"",""zip"":""95638"",""country"":""Colombia""}","[""Inventore aliquam inventore repellendus dolores occaecati veritatis facere."",""Dolores ratione qui enim magnam quisquam commodi."",""Aut deleniti illo rem quibusdam."",""Omnis deserunt neque aut vel enim."",""Pariatur sunt consectetur qui temporibus ipsum qui nihil eligendi.""]","[{""sku"":""SKU_0005"",""quantity"":6,""price"":48.61},{""sku"":""SKU_0002"",""quantity"":7,""price"":437.5}]"
22c4bfb0-e592-3642-9c9b-7af166def46a,b3511b96-ff1d-3a4a-8c72-a81e5d0f4668,2025-09-02T00:57:48+00:00,,,,jonathon22@mcglynn.com,"Rosella Nitzsche","{""street"":""441 Delaney Islands"",""city"":""Lake Dasiamouth"",""zip"":""97829-6692"",""country"":""Maldives""}","[""Quia odit perspiciatis sit repudiandae."",""Rerum veritatis eius quia laborum voluptatem vel."",""Error qui et cupiditate aut ducimus reprehenderit quia.""]","[{""sku"":""SKU_0004"",""quantity"":5,""price"":282.63},{""sku"":""SKU_0003"",""quantity"":7,""price"":292.53}]"
bc557c55-6a03-3e41-973e-e2ff7a023355,b3511b96-ff1d-3a4a-8c72-a81e5d0f4668,2025-07-15T12:41:46+00:00,,,,logan.keeling@shields.net,"Theodore Kertzmann","{""street"":""979 Jacques Via"",""city"":""Mariomouth"",""zip"":""78697"",""country"":""Iceland""}","[""Ea ea pariatur ea nobis hic voluptatem perferendis."",""Eum officiis occaecati iste vero molestiae necessitatibus.""]","[{""sku"":""SKU_0005"",""quantity"":7,""price"":48.61},{""sku"":""SKU_0002"",""quantity"":2,""price"":437.5},{""sku"":""SKU_0005"",""quantity"":2,""price"":48.61},{""sku"":""SKU_0004"",""quantity"":9,""price"":282.63}]"
5ecc4acc-15bf-369e-be57-761d693e3f8e,81686dec-2e4b-3d1d-b981-4ac3d2e75cff,2025-07-31T22:47:37+00:00,,,6.82,shanahan.leanne@kozey.info,"Oral Sporer","{""street"":""5153 D'angelo Hollow"",""city"":""Bartellland"",""zip"":""62313"",""country"":""Israel""}","[""Vero aut ut quia porro.""]","[{""sku"":""SKU_0003"",""quantity"":9,""price"":292.53},{""sku"":""SKU_0004"",""quantity"":10,""price"":282.63},{""sku"":""SKU_0003"",""quantity"":10,""price"":292.53}]"
a93216e4-65f7-392f-8245-83738d1472e0,81686dec-2e4b-3d1d-b981-4ac3d2e75cff,2025-02-11T02:57:30+00:00,2025-02-14T02:57:30+00:00,,45.76,oweimann@stamm.com,"Abagail Mohr","{""street"":""91545 Eden Court Apt. 337"",""city"":""Port Harmony"",""zip"":""95392-5521"",""country"":""Montenegro""}","[""Ut velit iste esse numquam praesentium.""]","[{""sku"":""SKU_0002"",""quantity"":10,""price"":437.5},{""sku"":""SKU_0005"",""quantity"":9,""price"":48.61},{""sku"":""SKU_0003"",""quantity"":10,""price"":292.53}]"
59fec643-ad0d-3b2b-a1bc-48f6463a2deb,3be1f9d6-3077-3d1b-b7b1-0be0b7d5c820,2025-09-30T10:37:59+00:00,2025-10-01T10:37:59+00:00,,,adell.krajcik@wyman.biz,"Pansy Collins","{""street"":""24990 Dayton Ways"",""city"":""Port Dejahport"",""zip"":""74232"",""country"":""Denmark""}","[""Tempore voluptatem aperiam nulla totam repudiandae."",""Nisi repellendus ad quae iusto aut consequuntur.""]","[{""sku"":""SKU_0004"",""quantity"":9,""price"":282.63},{""sku"":""SKU_0002"",""quantity"":5,""price"":437.5},{""sku"":""SKU_0005"",""quantity"":10,""price"":48.61},{""sku"":""SKU_0005"",""quantity"":10,""price"":48.61}]"
c628c0b1-529c-342f-a21e-9d4866f5751b,b3511b96-ff1d-3a4a-8c72-a81e5d0f4668,2025-09-10T22:40:01+00:00,,,29.46,arne07@yahoo.com,"Katelyn Macejkovic","{""street"":""610 Leonor Fork Apt. 171"",""city"":""North Gladyceberg"",""zip"":""78106"",""country"":""Namibia""}","[""Ad vero dolorem non.""]","[{""sku"":""SKU_0003"",""quantity"":10,""price"":292.53}]"
3af9160a-1d00-30c0-9e02-e3d000705093,3be1f9d6-3077-3d1b-b7b1-0be0b7d5c820,2025-09-01T08:45:08+00:00,,,,eloise.hilpert@torp.com,"Mellie Little","{""street"":""51741 Franecki Throughway Suite 116"",""city"":""Nedstad"",""zip"":""74697-4376"",""country"":""Palau""}","[""Quasi sunt eos similique vel vero voluptatum."",""Blanditiis voluptatem consequatur sit sequi."",""Architecto iure harum in dolor sunt et est."",""Non veniam neque dolores impedit molestiae.""]","[{""sku"":""SKU_0005"",""quantity"":8,""price"":48.61},{""sku"":""SKU_0005"",""quantity"":4,""price"":48.61}]"
d566440f-606f-3384-b981-0cae46679ccd,d889cb1e-126a-3447-b15d-6961e3b1915e,2025-05-08T04:17:40+00:00,2025-05-09T04:17:40+00:00,,,alford.carroll@gmail.com,"Rashawn Zemlak","{""street"":""2422 Cornell Cliffs Suite 114"",""city"":""Feestport"",""zip"":""80892"",""country"":""Ukraine""}","[""Numquam in quisquam pariatur ut ut iusto.""]","[{""sku"":""SKU_0005"",""quantity"":4,""price"":48.61}]"
4201b04c-f562-36bd-aa65-897a97ea451b,b3511b96-ff1d-3a4a-8c72-a81e5d0f4668,2025-08-05T17:29:25+00:00,,,,jarret31@johnston.com,"Alec Fahey","{""street"":""395 Graham Mission Suite 473"",""city"":""Deliafurt"",""zip"":""82695"",""country"":""Dominican Republic""}","[""A perspiciatis qui asperiores et modi ut."",""Quibusdam est dignissimos est nam reiciendis expedita inventore aut.""]","[{""sku"":""SKU_0002"",""quantity"":10,""price"":437.5},{""sku"":""SKU_0004"",""quantity"":8,""price"":282.63},{""sku"":""SKU_0004"",""quantity"":1,""price"":282.63}]"
c16a6e0b-f1be-3a7e-a5c9-473723a6cd6f,81686dec-2e4b-3d1d-b981-4ac3d2e75cff,2025-01-12T16:59:50+00:00,,,,vkreiger@hauck.net,"Silas Ankunding","{""street"":""45430 Domenica Roads"",""city"":""Miraclemouth"",""zip"":""41725"",""country"":""Dominica""}","[""Enim architecto est corrupti error sint hic ut quis."",""Repellendus in praesentium et aut ducimus."",""Aut deleniti qui tempore vel."",""Quo rerum quidem id minima rerum a.""]","[{""sku"":""SKU_0002"",""quantity"":3,""price"":437.5},{""sku"":""SKU_0003"",""quantity"":10,""price"":292.53}]"
9e7aecad-b4b8-3887-b1c0-d88a926e4ada,d889cb1e-126a-3447-b15d-6961e3b1915e,2025-01-13T05:12:26+00:00,,,41.62,herminia05@fisher.com,"Lila Zulauf","{""street"":""59774 Dandre Drive"",""city"":""Lake Devynville"",""zip"":""11586"",""country"":""Germany""}","[""Modi eaque amet sint tenetur blanditiis."",""Similique laboriosam magni magni cupiditate et expedita amet.""]","[{""sku"":""SKU_0003"",""quantity"":4,""price"":292.53},{""sku"":""SKU_0003"",""quantity"":9,""price"":292.53},{""sku"":""SKU_0003"",""quantity"":4,""price"":292.53},{""sku"":""SKU_0004"",""quantity"":1,""price"":282.63}]"
4970899e-85c7-3357-affa-7e29d33ce348,b3511b96-ff1d-3a4a-8c72-a81e5d0f4668,2025-08-24T04:26:11+00:00,2025-08-24T09:26:11+00:00,2025-08-24T09:26:11+00:00,,alicia.moen@heidenreich.com,"Odell Lockman","{""street"":""8851 Cremin Vista"",""city"":""New Alysaport"",""zip"":""67425"",""country"":""Brunei Darussalam""}","[""Cum debitis aut quas omnis voluptatem."",""Eum voluptatem cum totam et quod adipisci excepturi."",""Voluptas in amet ipsa."",""Nostrum odio ab enim quis praesentium.""]","[{""sku"":""SKU_0002"",""quantity"":7,""price"":437.5},{""sku"":""SKU_0005"",""quantity"":2,""price"":48.61},{""sku"":""SKU_0004"",""quantity"":5,""price"":282.63},{""sku"":""SKU_0004"",""quantity"":2,""price"":282.63}]"
c4eee782-7db7-3909-a3e1-044f227639f8,d889cb1e-126a-3447-b15d-6961e3b1915e,2025-09-03T02:40:58+00:00,,,,schultz.michel@gmail.com,"Felicita Dicki","{""street"":""1545 Lera Center Suite 382"",""city"":""Grimesburgh"",""zip"":""61981"",""country"":""Switzerland""}","[""Qui impedit et sequi molestias."",""Atque nesciunt quis aut voluptas."",""Ipsum ipsam ea aperiam doloribus."",""Id a aliquid eum et."",""Et rerum voluptates quas commodi.""]","[{""sku"":""SKU_0003"",""quantity"":8,""price"":292.53},{""sku"":""SKU_0002"",""quantity"":2,""price"":437.5}]"
9000766b-d913-3f4d-bf77-ad8b9f61042d,d889cb1e-126a-3447-b15d-6961e3b1915e,2025-04-28T02:51:38+00:00,,,,rolando66@daugherty.com,"Vivian Purdy","{""street"":""745 Watsica Cliffs Apt. 852"",""city"":""Aufderharborough"",""zip"":""36363"",""country"":""Ukraine""}","[""Harum labore voluptatibus sed consequatur omnis quia."",""Animi in officia totam aut vel iure autem.""]","[{""sku"":""SKU_0004"",""quantity"":10,""price"":282.63}]"
7de5f3ab-1ee3-34a3-a02c-308cf9810f21,81686dec-2e4b-3d1d-b981-4ac3d2e75cff,2025-01-01T13:35:42+00:00,,,,estella.marquardt@rippin.org,"Richmond Hermann","{""street"":""7782 Lavina Dale"",""city"":""North Clarabelleland"",""zip"":""00577"",""country"":""Falkland Islands (Malvinas)""}","[""Et aliquam sint quo vel inventore maiores."",""Ipsum ea harum inventore quia esse et."",""Asperiores quaerat eos quae dolores."",""Optio velit voluptatem vero aliquid ut hic."",""In alias totam ea quod.""]","[{""sku"":""SKU_0002"",""quantity"":5,""price"":437.5}]"
8cdba91e-f51a-34fe-9f77-56cfff97b7e9,3be1f9d6-3077-3d1b-b7b1-0be0b7d5c820,2025-02-09T02:53:40+00:00,,,20.95,rico28@hotmail.com,"Bennett Larson","{""street"":""76073 Candido Plaza Apt. 853"",""city"":""Idellburgh"",""zip"":""92721"",""country"":""Bahrain""}","[""Autem excepturi et corporis dolor nisi."",""Sint inventore nostrum aut dolor dignissimos alias."",""Laudantium rerum quibusdam nesciunt sit rerum omnis doloribus."",""Soluta autem aspernatur ut.""]","[{""sku"":""SKU_0005"",""quantity"":7,""price"":48.61},{""sku"":""SKU_0005"",""quantity"":7,""price"":48.61},{""sku"":""SKU_0004"",""quantity"":7,""price"":282.63}]"
e4749941-4f82-3dad-a0e6-c3404ba713a9,3be1f9d6-3077-3d1b-b7b1-0be0b7d5c820,2025-05-25T18:44:00+00:00,2025-05-28T18:44:00+00:00,,,sporer.kelvin@yahoo.com,"Gay Koss","{""street"":""7342 Hills Knolls Suite 539"",""city"":""Ebertmouth"",""zip"":""92281"",""country"":""Lithuania""}","[""Eveniet natus aut sed accusantium asperiores."",""Omnis quaerat molestiae molestiae saepe aut quae commodi.""]","[{""sku"":""SKU_0002"",""quantity"":6,""price"":437.5}]"
43ba7b98-420d-3dda-9368-8709dfd46ef8,d889cb1e-126a-3447-b15d-6961e3b1915e,2025-01-13T06:50:15+00:00,2025-01-16T06:50:15+00:00,,,tomas42@yost.com,"Arlo Krajcik","{""street"":""4091 Sauer Court Apt. 735"",""city"":""Grimesburgh"",""zip"":""49920-6393"",""country"":""Togo""}","[""Iure qui itaque incidunt."",""Eligendi modi atque dolorem quam.""]","[{""sku"":""SKU_0005"",""quantity"":8,""price"":48.61}]"
b794bdeb-d6cf-35e2-8eee-d15f12f0c1e7,3be1f9d6-3077-3d1b-b7b1-0be0b7d5c820,2025-09-08T03:21:38+00:00,,,46.12,destin.lesch@hansen.info,"Golden Keeling","{""street"":""648 Noemie Mission Suite 129"",""city"":""Tremblayborough"",""zip"":""15342-5240"",""country"":""Sudan""}","[""Quasi aut iure corporis ea molestiae esse."",""Et dolorem quod ipsa laborum et."",""Et quos culpa molestiae quasi optio nisi."",""Non a laboriosam est corporis rem ratione sed.""]","[{""sku"":""SKU_0004"",""quantity"":1,""price"":282.63},{""sku"":""SKU_0002"",""quantity"":5,""price"":437.5},{""sku"":""SKU_0005"",""quantity"":6,""price"":48.61},{""sku"":""SKU_0005"",""quantity"":8,""price"":48.61}]"
94421799-51c1-3842-a5f8-1455413c3a4e,b3511b96-ff1d-3a4a-8c72-a81e5d0f4668,2025-07-23T13:53:48+00:00,2025-07-24T13:53:48+00:00,,,chammes@yahoo.com,"Jaron Moore","{""street"":""25923 Crooks Burgs Apt. 069"",""city"":""Sawaynborough"",""zip"":""49622"",""country"":""Svalbard & Jan Mayen Islands""}","[""Nihil necessitatibus et voluptatem blanditiis nobis magnam."",""Provident asperiores accusamus laborum assumenda."",""A reprehenderit rerum in aut.""]","[{""sku"":""SKU_0002"",""quantity"":8,""price"":437.5},{""sku"":""SKU_0005"",""quantity"":7,""price"":48.61},{""sku"":""SKU_0003"",""quantity"":4,""price"":292.53},{""sku"":""SKU_0002"",""quantity"":7,""price"":437.5}]"
ca01ce87-2408-3f1f-be75-8f34bb4aa509,d889cb1e-126a-3447-b15d-6961e3b1915e,2025-07-04T13:54:04+00:00,,,20.19,lou71@ryan.org,"Rigoberto Dare","{""street"":""746 O'Connell Trafficway"",""city"":""Port Cloydport"",""zip"":""67033"",""country"":""Saint Martin""}","[""Qui tenetur dolor dolor asperiores sequi officia consequatur."",""Animi corrupti libero reiciendis ipsum quia quia itaque et."",""Sunt omnis dicta non totam maiores repudiandae quaerat.""]","[{""sku"":""SKU_0002"",""quantity"":6,""price"":437.5},{""sku"":""SKU_0003"",""quantity"":8,""price"":292.53},{""sku"":""SKU_0005"",""quantity"":7,""price"":48.61},{""sku"":""SKU_0005"",""quantity"":8,""price"":48.61}]"
723c5c2a-5811-3181-88fe-0d8dea23c20e,81686dec-2e4b-3d1d-b981-4ac3d2e75cff,2025-03-01T19:05:37+00:00,,,10.78,shields.hillard@carter.org,"Jedediah Strosin","{""street"":""73439 Renner Stream Apt. 781"",""city"":""Lake Angelitamouth"",""zip"":""84048-8948"",""country"":""Niger""}","[""Ipsum nihil sed in qui."",""Possimus ut et velit rem molestias sit natus.""]","[{""sku"":""SKU_0004"",""quantity"":1,""price"":282.63},{""sku"":""SKU_0005"",""quantity"":7,""price"":48.61},{""sku"":""SKU_0005"",""quantity"":5,""price"":48.61},{""sku"":""SKU_0003"",""quantity"":8,""price"":292.53}]"
f2741553-cde2-3a5e-9777-68eba39efb00,81686dec-2e4b-3d1d-b981-4ac3d2e75cff,2025-10-04T22:00:56+00:00,2025-10-05T00:00:56+00:00,2025-10-05T00:00:56+00:00,,ocremin@johnston.org,"Billy Lindgren","{""street"":""8032 Muriel Meadow"",""city"":""East Esta"",""zip"":""86909-5035"",""country"":""Pakistan""}","[""Qui ut harum similique commodi est et."",""Ut et nesciunt rem impedit."",""Cum enim consequuntur dignissimos omnis.""]","[{""sku"":""SKU_0005"",""quantity"":3,""price"":48.61},{""sku"":""SKU_0004"",""quantity"":6,""price"":282.63},{""sku"":""SKU_0005"",""quantity"":1,""price"":48.61},{""sku"":""SKU_0003"",""quantity"":8,""price"":292.53}]"
fdaaedb5-a722-33df-ba53-11e3575b72c3,4c744572-2045-32e7-8f9c-017b8fc21240,2025-06-27T00:48:04+00:00,2025-06-29T00:48:04+00:00,,,qlebsack@yahoo.com,"Darion Corwin","{""street"":""223 Heller Squares"",""city"":""Cristopherborough"",""zip"":""05608"",""country"":""Dominica""}","[""Pariatur ut quibusdam autem laboriosam."",""Rerum voluptates sed eaque illum iste distinctio."",""In non quibusdam et necessitatibus maiores et ullam consequatur.""]","[{""sku"":""SKU_0005"",""quantity"":8,""price"":48.61},{""sku"":""SKU_0002"",""quantity"":6,""price"":437.5},{""sku"":""SKU_0005"",""quantity"":7,""price"":48.61}]"
efd5f485-49a0-3e81-af44-066fd43d297e,81686dec-2e4b-3d1d-b981-4ac3d2e75cff,2025-02-10T17:14:20+00:00,,,35.78,hirthe.brendon@hotmail.com,"Isabella Moore","{""street"":""98934 Raymond Mills Apt. 332"",""city"":""East Celineton"",""zip"":""75510-4998"",""country"":""Benin""}","[""At modi ea perspiciatis eum itaque ab cumque sit."",""Quo explicabo laborum nesciunt quos impedit explicabo sit."",""Eligendi reiciendis amet tempora omnis blanditiis architecto consectetur."",""Velit nam et optio cupiditate.""]","[{""sku"":""SKU_0002"",""quantity"":9,""price"":437.5},{""sku"":""SKU_0003"",""quantity"":9,""price"":292.53},{""sku"":""SKU_0004"",""quantity"":10,""price"":282.63}]"
ad382e84-6d79-384a-960e-067b7cf96c12,d889cb1e-126a-3447-b15d-6961e3b1915e,2025-11-07T01:10:08+00:00,,,,wkub@yahoo.com,"Tatyana Beier","{""street"":""660 Schoen Common Apt. 005"",""city"":""McKenzieborough"",""zip"":""24093-7559"",""country"":""British Virgin Islands""}","[""Ut ad sint aliquam voluptates ut laborum alias id."",""Necessitatibus quasi nisi sint voluptatibus nihil.""]","[{""sku"":""SKU_0002"",""quantity"":9,""price"":437.5},{""sku"":""SKU_0002"",""quantity"":5,""price"":437.5}]"
cbbf8983-1ee9-3b9b-b538-0eeb4fef234d,81686dec-2e4b-3d1d-b981-4ac3d2e75cff,2025-08-15T21:36:24+00:00,,,,terry.katherine@kutch.com,"Margaretta Howell","{""street"":""823 Minnie Estate"",""city"":""McGlynnland"",""zip"":""03112-9023"",""country"":""Thailand""}","[""Hic eum rerum error labore."",""Enim similique provident et facilis aliquid.""]","[{""sku"":""SKU_0002"",""quantity"":4,""price"":437.5},{""sku"":""SKU_0005"",""quantity"":10,""price"":48.61},{""sku"":""SKU_0004"",""quantity"":3,""price"":282.63},{""sku"":""SKU_0002"",""quantity"":3,""price"":437.5}]"
c749b76d-5637-3c2a-ae99-1939abbd2045,d889cb1e-126a-3447-b15d-6961e3b1915e,2025-06-01T17:35:36+00:00,,,,shawna31@yahoo.com,"Annabel O'Reilly","{""street"":""51574 Seth Park Apt. 791"",""city"":""Lake Reesechester"",""zip"":""96402-4314"",""country"":""Tunisia""}","[""Et neque quia non error est voluptas maiores."",""Excepturi tempore at adipisci distinctio."",""Itaque sed corporis ab voluptatem doloremque illum aut.""]","[{""sku"":""SKU_0005"",""quantity"":5,""price"":48.61},{""sku"":""SKU_0005"",""quantity"":9,""price"":48.61},{""sku"":""SKU_0003"",""quantity"":1,""price"":292.53}]"
5046d4d7-ef46-391c-8a05-11f9b93511c0,3be1f9d6-3077-3d1b-b7b1-0be0b7d5c820,2025-02-07T09:33:57+00:00,,,,dessie.shanahan@balistreri.org,"Ciara Ruecker","{""street"":""26222 Pouros Forges"",""city"":""East Willymouth"",""zip"":""09262"",""country"":""Chile""}","[""Velit illum nostrum sed repudiandae."",""Ut odio fuga eveniet assumenda."",""Eius accusamus repellat ut eveniet ratione ea."",""Sunt laudantium consectetur alias suscipit laudantium vel veniam."",""Reiciendis autem asperiores voluptas ut.""]","[{""sku"":""SKU_0002"",""quantity"":10,""price"":437.5}]"
a4e736fd-bee8-39d0-a47d-5d9a804d234e,b3511b96-ff1d-3a4a-8c72-a81e5d0f4668,2025-01-19T08:30:44+00:00,,,,randal35@kuvalis.org,"Layne Zulauf","{""street"":""632 Pollich Roads Suite 937"",""city"":""North Allie"",""zip"":""03596"",""country"":""Lithuania""}","[""Et officia est animi sapiente consectetur velit."",""Corporis molestias est dolorem ducimus nesciunt soluta libero.""]","[{""sku"":""SKU_0003"",""quantity"":5,""price"":292.53},{""sku"":""SKU_0003"",""quantity"":7,""price"":292.53}]"
3fcde6cc-649d-351f-bf7c-c1b90e1a4c31,81686dec-2e4b-3d1d-b981-4ac3d2e75cff,2025-02-09T04:53:39+00:00,,,37.93,ngraham@monahan.info,"Lucinda Carroll","{""street"":""77709 Bosco Knoll"",""city"":""West Mona"",""zip"":""91258"",""country"":""Malta""}","[""Consequatur et reprehenderit animi error voluptates qui."",""Officiis qui magni ea aut voluptatem.""]","[{""sku"":""SKU_0003"",""quantity"":2,""price"":292.53}]"
33dbfee1-399c-3915-bfdd-5a898cddf347,3be1f9d6-3077-3d1b-b7b1-0be0b7d5c820,2025-05-28T21:55:09+00:00,,,,tcorkery@jacobi.net,"Clementine Bergnaum","{""street"":""29651 Katelyn Common"",""city"":""North Beulahmouth"",""zip"":""47420-6841"",""country"":""Jersey""}","[""Aut dolor culpa nihil blanditiis."",""Et consequatur molestiae ipsa aperiam odio beatae iusto quis."",""Ex ut nemo blanditiis vel nam a."",""Dolores ratione aut hic consectetur."",""Minima veritatis vero quas et ipsa atque dolores voluptate.""]","[{""sku"":""SKU_0002"",""quantity"":10,""price"":437.5},{""sku"":""SKU_0004"",""quantity"":10,""price"":282.63},{""sku"":""SKU_0002"",""quantity"":2,""price"":437.5}]"
032a7310-ebae-3ff5-ab69-ea09a7f27df4,d889cb1e-126a-3447-b15d-6961e3b1915e,2025-07-27T15:02:43+00:00,2025-07-30T15:02:43+00:00,,12.13,hgorczany@powlowski.com,"Bessie Gleason","{""street"":""4284 Eugenia Parkway Suite 563"",""city"":""Zelmaside"",""zip"":""34588-3550"",""country"":""Mauritius""}","[""Quasi neque deserunt rerum est aut dolorem."",""Quis sed nesciunt eos nisi architecto."",""Dolorem non quisquam sequi commodi."",""Natus qui ex tenetur dolor quo reiciendis."",""Cum autem culpa sed a quas.""]","[{""sku"":""SKU_0002"",""quantity"":1,""price"":437.5},{""sku"":""SKU_0004"",""quantity"":10,""price"":282.63},{""sku"":""SKU_0005"",""quantity"":10,""price"":48.61},{""sku"":""SKU_0003"",""quantity"":4,""price"":292.53}]"
59f791f6-76a1-36e8-9367-aa97e975e049,4c744572-2045-32e7-8f9c-017b8fc21240,2025-07-29T13:57:11+00:00,,,,torphy.jerel@abshire.org,"Giuseppe Hackett","{""street"":""805 Marco Ridges"",""city"":""Hermanport"",""zip"":""88009"",""country"":""Zambia""}","[""Quas commodi qui natus ea ad."",""Quam non sequi natus commodi accusantium qui.""]","[{""sku"":""SKU_0002"",""quantity"":2,""price"":437.5},{""sku"":""SKU_0003"",""quantity"":7,""price"":292.53}]"
e9e53537-617d-392e-9c14-4dddee263824,d889cb1e-126a-3447-b15d-6961e3b1915e,2025-06-20T16:28:07+00:00,,,5.06,immanuel.hamill@gmail.com,"Daryl Dach","{""street"":""886 Boehm Junctions"",""city"":""Langworthton"",""zip"":""38512-7174"",""country"":""Benin""}","[""Pariatur necessitatibus sit in quasi voluptatem sit.""]","[{""sku"":""SKU_0003"",""quantity"":6,""price"":292.53},{""sku"":""SKU_0005"",""quantity"":1,""price"":48.61},{""sku"":""SKU_0002"",""quantity"":10,""price"":437.5}]"
3399fd97-ccba-3166-b3d1-d2c8f35a4925,3be1f9d6-3077-3d1b-b7b1-0be0b7d5c820,2025-09-25T16:01:32+00:00,2025-09-26T16:01:32+00:00,,27.42,fthompson@gmail.com,"Fidel Bernhard","{""street"":""59063 Dion Estates Suite 065"",""city"":""New Ward"",""zip"":""39393"",""country"":""Svalbard & Jan Mayen Islands""}","[""Quibusdam minus quam laudantium et ut id."",""Et saepe dolor et."",""Qui a consectetur voluptates aut rerum laboriosam nobis temporibus.""]","[{""sku"":""SKU_0005"",""quantity"":10,""price"":48.61},{""sku"":""SKU_0004"",""quantity"":1,""price"":282.63},{""sku"":""SKU_0004"",""quantity"":6,""price"":282.63}]"
14cfadc2-d3de-30d7-ad2e-04df6754ee41,4c744572-2045-32e7-8f9c-017b8fc21240,2025-06-04T10:11:45+00:00,,,44.88,kory.bayer@yahoo.com,"Foster Johnson","{""street"":""950 Izaiah Springs Suite 343"",""city"":""West Zena"",""zip"":""81224"",""country"":""Denmark""}","[""Dolores aspernatur quidem sequi esse.""]","[{""sku"":""SKU_0004"",""quantity"":4,""price"":282.63},{""sku"":""SKU_0003"",""quantity"":10,""price"":292.53},{""sku"":""SKU_0004"",""quantity"":1,""price"":282.63},{""sku"":""SKU_0004"",""quantity"":8,""price"":282.63}]"
1a24f56f-4c02-3b05-8bb1-f9f092980090,4c744572-2045-32e7-8f9c-017b8fc21240,2025-03-04T17:01:12+00:00,,,,hahn.carli@bogan.biz,"Tiana Gerlach","{""street"":""19308 Helena Crest"",""city"":""North Emie"",""zip"":""53690-2952"",""country"":""Montserrat""}","[""Architecto possimus ea cum."",""Laudantium sunt et quia quibusdam odio enim non."",""Deleniti velit veniam quo quidem aut iure officiis.""]","[{""sku"":""SKU_0005"",""quantity"":4,""price"":48.61},{""sku"":""SKU_0005"",""quantity"":7,""price"":48.61},{""sku"":""SKU_0003"",""quantity"":5,""price"":292.53}]"
89565dda-65e2-37d2-8bf2-9b049bbe5be4,b3511b96-ff1d-3a4a-8c72-a81e5d0f4668,2025-03-31T22:09:13+00:00,,,,dean.nicolas@abbott.biz,"Chelsie Rohan","{""street"":""32560 Conroy Tunnel"",""city"":""Eichmannside"",""zip"":""56451-9140"",""country"":""Gabon""}","[""Quas temporibus quis quibusdam ut voluptatem id."",""Explicabo soluta alias voluptatum voluptas quam qui debitis."",""Aut ullam facilis ullam tempora est.""]","[{""sku"":""SKU_0003"",""quantity"":6,""price"":292.53}]"
3db90668-45cd-3595-9c98-c3365f95598d,4c744572-2045-32e7-8f9c-017b8fc21240,2025-01-25T19:49:26+00:00,,,8.62,dkoch@hegmann.com,"Helga Beatty","{""street"":""174 Konopelski Mission Suite 258"",""city"":""South Katherine"",""zip"":""66841"",""country"":""China""}","[""Modi sed occaecati excepturi molestias ut molestias."",""Itaque sunt ut ab perspiciatis."",""Laudantium odio et distinctio totam sit."",""Molestiae facere ratione harum sunt.""]","[{""sku"":""SKU_0003"",""quantity"":7,""price"":292.53},{""sku"":""SKU_0005"",""quantity"":2,""price"":48.61},{""sku"":""SKU_0002"",""quantity"":2,""price"":437.5},{""sku"":""SKU_0002"",""quantity"":9,""price"":437.5}]"
f40051d4-eb1e-3700-b093-caa457c20777,3be1f9d6-3077-3d1b-b7b1-0be0b7d5c820,2025-10-15T17:16:01+00:00,2025-10-15T20:16:01+00:00,2025-10-15T20:16:01+00:00,25.09,chaim97@hotmail.com,"Edmund Kub","{""street"":""941 Fadel Manor"",""city"":""West Kacifort"",""zip"":""53159-6198"",""country"":""Somalia""}","[""Velit tenetur aliquid quis possimus iste consequatur."",""Eaque magni tempore ea nobis quia."",""Ut saepe aut ducimus et et id architecto.""]","[{""sku"":""SKU_0003"",""quantity"":4,""price"":292.53},{""sku"":""SKU_0002"",""quantity"":9,""price"":437.5},{""sku"":""SKU_0005"",""quantity"":4,""price"":48.61}]"
ec2fe093-4a34-3840-8e45-d33fb31e3ba5,81686dec-2e4b-3d1d-b981-4ac3d2e75cff,2025-03-14T21:12:43+00:00,,,19.98,derrick.hegmann@will.com,"Manuel Reilly","{""street"":""15715 Jocelyn Lock Apt. 723"",""city"":""Weissnatfurt"",""zip"":""81311"",""country"":""Algeria""}","[""Aut magnam facere aut corrupti nobis eos dolores.""]","[{""sku"":""SKU_0002"",""quantity"":10,""price"":437.5},{""sku"":""SKU_0003"",""quantity"":7,""price"":292.53},{""sku"":""SKU_0005"",""quantity"":10,""price"":48.61},{""sku"":""SKU_0005"",""quantity"":3,""price"":48.61}]"
e654f6dc-edde-3b79-9411-e1cda02bf61d,81686dec-2e4b-3d1d-b981-4ac3d2e75cff,2025-08-03T18:47:27+00:00,,,5.54,shawn79@gmail.com,"Joy Corkery","{""street"":""238 Edd Inlet"",""city"":""Port Gwendolynhaven"",""zip"":""77166"",""country"":""Fiji""}","[""Cumque et iusto id veritatis."",""Minima saepe voluptatem modi consequatur eum perferendis ut."",""Fuga dolor ad natus quisquam et.""]","[{""sku"":""SKU_0005"",""quantity"":2,""price"":48.61},{""sku"":""SKU_0005"",""quantity"":3,""price"":48.61},{""sku"":""SKU_0002"",""quantity"":9,""price"":437.5}]"
d983b4b7-205e-3820-9179-9f269ad381c1,4c744572-2045-32e7-8f9c-017b8fc21240,2025-03-31T17:17:35+00:00,2025-03-31T20:17:35+00:00,2025-03-31T20:17:35+00:00,21.74,gerson14@gmail.com,"Maci Kris","{""street"":""45278 Erdman Forks Apt. 342"",""city"":""Lillystad"",""zip"":""71373-1775"",""country"":""Holy See (Vatican City State)""}","[""Dolores quae quasi aut nostrum."",""Enim non voluptas architecto."",""Quia omnis consequatur et provident ut dolore."",""Et expedita fuga sint dolores sint expedita soluta."",""Dolorum ut et qui rerum esse qui.""]","[{""sku"":""SKU_0004"",""quantity"":5,""price"":282.63}]"
cb6392d6-b3ea-3f90-86df-54bcf7dc714a,4c744572-2045-32e7-8f9c-017b8fc21240,2025-02-21T22:46:06+00:00,2025-02-24T22:46:06+00:00,,,pearl.schulist@yahoo.com,"Ariane Schiller","{""street"":""4173 Carlee Islands"",""city"":""Coleburgh"",""zip"":""74870-1498"",""country"":""Antarctica (the territory South of 60 deg S)""}","[""Qui voluptatem perspiciatis atque."",""Harum ut maiores dolor quia minus illum facere veritatis."",""Aut quia recusandae quod voluptas.""]","[{""sku"":""SKU_0003"",""quantity"":1,""price"":292.53},{""sku"":""SKU_0003"",""quantity"":1,""price"":292.53},{""sku"":""SKU_0003"",""quantity"":10,""price"":292.53}]"
f0a94ce4-114a-3d36-ad87-6e69d1da8502,b3511b96-ff1d-3a4a-8c72-a81e5d0f4668,2025-03-03T17:02:03+00:00,,,26.91,estefania21@gmail.com,"Rosemary Zulauf","{""street"":""8658 Geovanni Plain"",""city"":""Mullertown"",""zip"":""42234"",""country"":""Nepal""}","[""Delectus rerum voluptatibus quibusdam.""]","[{""sku"":""SKU_0002"",""quantity"":4,""price"":437.5},{""sku"":""SKU_0005"",""quantity"":1,""price"":48.61},{""sku"":""SKU_0005"",""quantity"":8,""price"":48.61}]"
8ab71fba-eb4e-379c-9eef-3dc8b6c190cd,3be1f9d6-3077-3d1b-b7b1-0be0b7d5c820,2025-02-14T15:52:58+00:00,2025-02-15T15:52:58+00:00,,,njast@yahoo.com,"Nedra Langworth","{""street"":""3260 Lexie Rest"",""city"":""Port Margaretta"",""zip"":""93951"",""country"":""Sao Tome and Principe""}","[""Expedita vel ipsum veritatis veniam est enim quia.""]","[{""sku"":""SKU_0003"",""quantity"":5,""price"":292.53},{""sku"":""SKU_0004"",""quantity"":6,""price"":282.63},{""sku"":""SKU_0005"",""quantity"":3,""price"":48.61}]"
8e3598c4-fa6f-352b-ac95-b0bb3cb62e54,3be1f9d6-3077-3d1b-b7b1-0be0b7d5c820,2025-10-08T06:32:26+00:00,,,36.01,vdach@brekke.net,"Ignatius Schowalter","{""street"":""7193 Thompson Common Suite 430"",""city"":""New Ivy"",""zip"":""16726"",""country"":""Romania""}","[""Eos vel ut earum eius iure."",""Voluptatibus qui minus sapiente delectus enim.""]","[{""sku"":""SKU_0004"",""quantity"":1,""price"":282.63},{""sku"":""SKU_0002"",""quantity"":3,""price"":437.5}]"
0a2f5020-e8d3-3aec-98ff-9173c94f41c5,3be1f9d6-3077-3d1b-b7b1-0be0b7d5c820,2025-09-26T14:29:07+00:00,,,,amber.heller@grimes.com,"Susie Hickle","{""street"":""5208 Smith Causeway Apt. 174"",""city"":""Lake Stephonside"",""zip"":""95045"",""country"":""Kiribati""}","[""Et aliquid magnam et aut est voluptas minus."",""Nobis possimus occaecati aliquam qui aut."",""Nisi at quas enim est est quia nam.""]","[{""sku"":""SKU_0003"",""quantity"":3,""price"":292.53},{""sku"":""SKU_0004"",""quantity"":9,""price"":282.63},{""sku"":""SKU_0002"",""quantity"":10,""price"":437.5},{""sku"":""SKU_0004"",""quantity"":2,""price"":282.63}]"
ec720d48-3e95-367d-8d58-d9135d2b4176,d889cb1e-126a-3447-b15d-6961e3b1915e,2025-03-17T08:58:32+00:00,,,,oswaldo31@gmail.com,"Camron Conn","{""street"":""75646 Douglas Streets"",""city"":""East Traceymouth"",""zip"":""99758"",""country"":""Comoros""}","[""Reprehenderit id in non voluptas est."",""Nobis a quod et dolores harum eligendi et."",""Incidunt nisi porro sint optio aut natus ut blanditiis.""]","[{""sku"":""SKU_0005"",""quantity"":2,""price"":48.61},{""sku"":""SKU_0005"",""quantity"":4,""price"":48.61},{""sku"":""SKU_0002"",""quantity"":3,""price"":437.5}]"
174e30d6-1f49-3d0c-adce-d4217229078c,3be1f9d6-3077-3d1b-b7b1-0be0b7d5c820,2025-10-27T09:36:25+00:00,2025-10-27T13:36:25+00:00,2025-10-27T13:36:25+00:00,16.16,mertz.tremaine@hotmail.com,"Billy Marquardt","{""street"":""662 Lucius Loaf"",""city"":""Goyettemouth"",""zip"":""87920-0924"",""country"":""Niue""}","[""Consequuntur incidunt illum dolor mollitia aut corporis."",""Maiores dignissimos nulla dolores aut repellat."",""Ea rem voluptatum cumque atque alias ipsam."",""Voluptatibus dolor nobis est hic.""]","[{""sku"":""SKU_0004"",""quantity"":5,""price"":282.63},{""sku"":""SKU_0005"",""quantity"":6,""price"":48.61}]"
05efcb17-e962-30cc-9524-071670227085,81686dec-2e4b-3d1d-b981-4ac3d2e75cff,2025-04-08T20:21:56+00:00,,,,jaycee.bins@ernser.com,"Mabel Maggio","{""street"":""4054 Barton Parkways Suite 199"",""city"":""Langoshbury"",""zip"":""96069-7202"",""country"":""Greece""}","[""Eaque inventore sint et voluptate iusto."",""Unde rerum aut ut quaerat.""]","[{""sku"":""SKU_0005"",""quantity"":7,""price"":48.61}]"
3bc4ff42-886d-373f-95b6-a5f8a1c0371f,81686dec-2e4b-3d1d-b981-4ac3d2e75cff,2025-02-06T21:32:46+00:00,2025-02-07T21:32:46+00:00,,41.65,vonrueden.brandy@yahoo.com,"Dwight Kassulke","{""street"":""947 Mills Court Apt. 419"",""city"":""Bahringerstad"",""zip"":""55363"",""country"":""Norfolk Island""}","[""Inventore odio qui omnis ipsa aliquid non maiores."",""Architecto libero quidem et amet sed."",""Quis expedita voluptate error nam iste."",""Laborum consectetur eaque quia ut unde repellat labore."",""Modi doloremque placeat qui commodi harum veniam recusandae pariatur.""]","[{""sku"":""SKU_0002"",""quantity"":8,""price"":437.5},{""sku"":""SKU_0003"",""quantity"":9,""price"":292.53},{""sku"":""SKU_0002"",""quantity"":8,""price"":437.5}]"
9f773099-ed29-37bd-ba13-32aadb5a03ad,4c744572-2045-32e7-8f9c-017b8fc21240,2025-07-23T22:11:42+00:00,2025-07-26T22:11:42+00:00,,,karina31@grant.com,"Kirsten Cremin","{""street"":""927 Lila Glen Apt. 917"",""city"":""Port Jeremie"",""zip"":""48003"",""country"":""Equatorial Guinea""}","[""Nihil quisquam enim quia aperiam minus atque esse in."",""Nostrum quia est cumque ut excepturi asperiores."",""Modi ratione corporis quaerat aut impedit accusantium at."",""Sint sed exercitationem optio aut ducimus expedita vel.""]","[{""sku"":""SKU_0003"",""quantity"":10,""price"":292.53},{""sku"":""SKU_0002"",""quantity"":5,""price"":437.5},{""sku"":""SKU_0002"",""quantity"":4,""price"":437.5},{""sku"":""SKU_0004"",""quantity"":6,""price"":282.63}]"
39195f64-ae94-3c51-8206-76375c56d4f3,b3511b96-ff1d-3a4a-8c72-a81e5d0f4668,2025-09-16T16:20:41+00:00,,,17.04,andreanne.mcglynn@morar.com,"Calista Mraz","{""street"":""39103 Bashirian Roads Apt. 372"",""city"":""VonRuedenburgh"",""zip"":""44210"",""country"":""Kazakhstan""}","[""Nihil maxime fuga deserunt et nemo id dicta."",""Quae est et quia quam.""]","[{""sku"":""SKU_0002"",""quantity"":3,""price"":437.5},{""sku"":""SKU_0005"",""quantity"":4,""price"":48.61}]"
6605c90f-f216-3aa5-8d9a-7b8ba3f918b6,81686dec-2e4b-3d1d-b981-4ac3d2e75cff,2025-04-30T23:05:54+00:00,2025-05-01T23:05:54+00:00,,,conn.dell@yahoo.com,"Manley Dietrich","{""street"":""8762 Bethel Island"",""city"":""Deliaborough"",""zip"":""87236"",""country"":""Namibia""}","[""Corporis sed sunt nisi facere sit neque."",""Vero quia voluptatem fuga quo excepturi voluptate fugit.""]","[{""sku"":""SKU_0005"",""quantity"":1,""price"":48.61}]"
f4146358-ddd9-3abf-9f56-ccd878605677,4c744572-2045-32e7-8f9c-017b8fc21240,2025-03-04T01:42:46+00:00,2025-03-05T01:42:46+00:00,,,brad.keeling@stiedemann.com,"Sandra Boehm","{""street"":""60305 Olaf Bridge"",""city"":""North Emmiemouth"",""zip"":""91937"",""country"":""Malaysia""}","[""Sit eaque in consectetur explicabo quo blanditiis."",""Aut laudantium autem adipisci ducimus at exercitationem."",""Voluptatibus quia aut ipsa et laborum itaque."",""Quam et dicta aut repellat optio quibusdam quod."",""Occaecati qui et voluptates sit excepturi magnam.""]","[{""sku"":""SKU_0003"",""quantity"":9,""price"":292.53}]"
664f22bb-e681-317b-96a9-e68611941900,81686dec-2e4b-3d1d-b981-4ac3d2e75cff,2025-08-15T09:06:56+00:00,2025-08-15T12:06:56+00:00,2025-08-15T12:06:56+00:00,,rogahn.letitia@swaniawski.net,"Rudy Lakin","{""street"":""8195 Rachael Club"",""city"":""New Kristyport"",""zip"":""34898-6792"",""country"":""Eritrea""}","[""Qui cumque pariatur accusantium repudiandae perspiciatis voluptatem molestias."",""Quasi voluptas placeat aperiam amet.""]","[{""sku"":""SKU_0002"",""quantity"":3,""price"":437.5}]"
12846d9e-f513-3653-9f6b-9a2a68efa71c,d889cb1e-126a-3447-b15d-6961e3b1915e,2025-10-28T12:38:52+00:00,2025-10-29T12:38:52+00:00,,38.14,pouros.aileen@hotmail.com,"Francisco Konopelski","{""street"":""938 Dominic Mills Apt. 593"",""city"":""Yostport"",""zip"":""43171"",""country"":""Gambia""}","[""Eveniet hic fugiat repellat tempora voluptatum laboriosam tempora."",""Ad nobis sit mollitia hic quo a earum."",""Velit aliquid aut ea odit quae iusto ut quo.""]","[{""sku"":""SKU_0005"",""quantity"":5,""price"":48.61}]"
ebf65bf5-98f2-3963-ba32-52287fcaf143,d889cb1e-126a-3447-b15d-6961e3b1915e,2025-01-13T13:48:31+00:00,2025-01-16T13:48:31+00:00,,21.41,oberbrunner.santino@yahoo.com,"Krystel Sanford","{""street"":""43642 Jerde Knoll"",""city"":""Port Arifort"",""zip"":""64959-8057"",""country"":""Seychelles""}","[""Nisi laborum ipsum alias molestiae unde."",""Nisi dolores inventore illum sunt voluptas sapiente omnis."",""Autem numquam beatae earum repudiandae dolorem.""]","[{""sku"":""SKU_0003"",""quantity"":3,""price"":292.53},{""sku"":""SKU_0004"",""quantity"":3,""price"":282.63},{""sku"":""SKU_0005"",""quantity"":1,""price"":48.61}]"
943d5101-e282-3ddb-98cc-2421b99c5fcd,b3511b96-ff1d-3a4a-8c72-a81e5d0f4668,2025-02-20T16:21:23+00:00,2025-02-20T21:21:23+00:00,2025-02-20T21:21:23+00:00,14.83,miller.estell@gmail.com,"Shad Gaylord","{""street"":""3646 Cleta Keys Apt. 555"",""city"":""Port Magnoliaview"",""zip"":""69645"",""country"":""Zambia""}","[""Harum non velit id non architecto autem et quia."",""Odio omnis nostrum accusantium dolor repudiandae cupiditate."",""Delectus molestiae alias exercitationem soluta aut nesciunt ut recusandae."",""Illo totam ad facilis at pariatur eos."",""Ut nihil nobis neque dignissimos et architecto facere qui.""]","[{""sku"":""SKU_0002"",""quantity"":10,""price"":437.5},{""sku"":""SKU_0004"",""quantity"":10,""price"":282.63},{""sku"":""SKU_0005"",""quantity"":1,""price"":48.61}]"
982662a9-d9ee-37f3-8c96-c390be661aa6,3be1f9d6-3077-3d1b-b7b1-0be0b7d5c820,2025-07-06T15:20:09+00:00,2025-07-08T15:20:09+00:00,,12.02,herman.makayla@gmail.com,"Janice Koelpin","{""street"":""7467 Mitchell Ports Suite 339"",""city"":""Lubowitzport"",""zip"":""39723-1239"",""country"":""Mongolia""}","[""Modi molestiae velit corrupti consequatur."",""Aut tempora facere explicabo labore."",""Architecto sit maiores accusantium eos voluptatem maiores.""]","[{""sku"":""SKU_0005"",""quantity"":8,""price"":48.61}]"
20f2cb96-3066-3974-a9f5-0f5ef238fe29,4c744572-2045-32e7-8f9c-017b8fc21240,2025-06-08T02:35:39+00:00,,,,goodwin.darion@haley.com,"Donnie Mann","{""street"":""5698 Crooks Point"",""city"":""Nicolasburgh"",""zip"":""96423"",""country"":""Slovenia""}","[""Illo vel ratione veniam quam quam vel."",""Laudantium praesentium quidem aut."",""Ut occaecati voluptas esse nihil illo fugit."",""Quibusdam ipsam mollitia fugit ut.""]","[{""sku"":""SKU_0005"",""quantity"":10,""price"":48.61}]"
fb8123f0-9269-3cf2-afaf-11a8e1398524,4c744572-2045-32e7-8f9c-017b8fc21240,2025-09-29T17:09:08+00:00,,,17.44,bschamberger@gmail.com,"Alaina Braun","{""street"":""53339 Wilkinson Squares Apt. 524"",""city"":""East Magdalentown"",""zip"":""81535-3643"",""country"":""United Arab Emirates""}","[""Quia et maxime assumenda et aut repellat et asperiores.""]","[{""sku"":""SKU_0005"",""quantity"":4,""price"":48.61},{""sku"":""SKU_0003"",""quantity"":6,""price"":292.53},{""sku"":""SKU_0002"",""quantity"":8,""price"":437.5},{""sku"":""SKU_0002"",""quantity"":8,""price"":437.5}]"
0ff91e1c-5e0e-3539-8303-c187a3591fb5,3be1f9d6-3077-3d1b-b7b1-0be0b7d5c820,2025-07-09T02:25:05+00:00,,,39.49,ida.abernathy@damore.com,"Kendra Leuschke","{""street"":""3834 Jazmin Via"",""city"":""Philipfurt"",""zip"":""39279-0962"",""country"":""Canada""}","[""Eligendi exercitationem eaque itaque ad deleniti."",""Hic dolor officiis blanditiis incidunt a."",""Quo laboriosam quae culpa dolorem."",""Labore consequuntur maiores id est doloribus quos."",""Iure aut fuga veniam et delectus.""]","[{""sku"":""SKU_0004"",""quantity"":1,""price"":282.63},{""sku"":""SKU_0003"",""quantity"":4,""price"":292.53},{""sku"":""SKU_0005"",""quantity"":7,""price"":48.61},{""sku"":""SKU_0003"",""quantity"":1,""price"":292.53}]"
e2db8b84-fdf7-3f9e-bc6c-8afe0ba2b788,3be1f9d6-3077-3d1b-b7b1-0be0b7d5c820,2025-03-23T21:11:53+00:00,,,,harber.jamaal@gmail.com,"Jesse Kling","{""street"":""86884 Lexie Loop Suite 807"",""city"":""Lake Cleora"",""zip"":""08652-0509"",""country"":""Reunion""}","[""Rerum perferendis laborum corporis quod molestias."",""Est voluptatem sit sit eos."",""Rerum repudiandae dolor odit ratione.""]","[{""sku"":""SKU_0003"",""quantity"":9,""price"":292.53},{""sku"":""SKU_0004"",""quantity"":1,""price"":282.63},{""sku"":""SKU_0005"",""quantity"":2,""price"":48.61}]"
1eabe468-44dc-30e7-ac9c-7e344753a2d3,3be1f9d6-3077-3d1b-b7b1-0be0b7d5c820,2025-10-19T07:32:25+00:00,2025-10-20T07:32:25+00:00,,,raymundo.barton@tremblay.com,"Pasquale Hoppe","{""street"":""932 Claud Loop"",""city"":""Cartwrightbury"",""zip"":""47686"",""country"":""Iraq""}","[""Consectetur ullam odio voluptatem hic."",""Distinctio inventore sapiente itaque."",""Natus occaecati delectus repellendus voluptatem.""]","[{""sku"":""SKU_0002"",""quantity"":10,""price"":437.5},{""sku"":""SKU_0004"",""quantity"":1,""price"":282.63},{""sku"":""SKU_0003"",""quantity"":3,""price"":292.53},{""sku"":""SKU_0003"",""quantity"":1,""price"":292.53}]"
34bdd92e-c444-39b0-851e-70080e63ab4e,4c744572-2045-32e7-8f9c-017b8fc21240,2025-03-04T14:50:03+00:00,,,28.07,kuvalis.lonny@zulauf.com,"Mabelle Schowalter","{""street"":""7040 Davon Mountains Suite 952"",""city"":""West Shanie"",""zip"":""93143-4704"",""country"":""Cape Verde""}","[""Tenetur voluptatem laborum quo quis ut rerum a aut."",""Dolores asperiores ipsam vel cumque nam rem."",""Laudantium earum vel maxime eos."",""Facilis occaecati tempora delectus ratione."",""Eius reiciendis quia necessitatibus pariatur et.""]","[{""sku"":""SKU_0003"",""quantity"":3,""price"":292.53},{""sku"":""SKU_0004"",""quantity"":7,""price"":282.63},{""sku"":""SKU_0004"",""quantity"":2,""price"":282.63},{""sku"":""SKU_0003"",""quantity"":6,""price"":292.53}]"
b6c63326-30b7-341d-86ed-96a6277ab064,4c744572-2045-32e7-8f9c-017b8fc21240,2025-05-16T15:05:07+00:00,2025-05-16T17:05:07+00:00,2025-05-16T17:05:07+00:00,,bert36@gmail.com,"Frida Davis","{""street"":""8333 Frankie Rapid"",""city"":""Carterbury"",""zip"":""09997"",""country"":""Burkina Faso""}","[""Rerum dolorum eum aperiam commodi et explicabo hic."",""Beatae necessitatibus minima beatae."",""Vero assumenda est quasi ducimus.""]","[{""sku"":""SKU_0002"",""quantity"":10,""price"":437.5}]"
edaead1e-54da-3400-a376-5eaddbee785f,3be1f9d6-3077-3d1b-b7b1-0be0b7d5c820,2025-01-06T15:22:23+00:00,,,4.04,alia73@beahan.com,"Joana Lind","{""street"":""1972 Jamey Loop"",""city"":""South Norwood"",""zip"":""27709-7074"",""country"":""Qatar""}","[""Repudiandae qui impedit qui."",""Id et consequatur aperiam dolorem id culpa."",""Est consectetur est sunt.""]","[{""sku"":""SKU_0005"",""quantity"":10,""price"":48.61},{""sku"":""SKU_0004"",""quantity"":6,""price"":282.63},{""sku"":""SKU_0005"",""quantity"":1,""price"":48.61},{""sku"":""SKU_0002"",""quantity"":10,""price"":437.5}]"
5dc06f8e-f1ca-3580-a8c2-21f950d4db37,b3511b96-ff1d-3a4a-8c72-a81e5d0f4668,2025-08-02T14:04:10+00:00,2025-08-04T14:04:10+00:00,,,enienow@davis.info,"Wilmer Daugherty","{""street"":""59923 Devan Mountain"",""city"":""Beahanfurt"",""zip"":""81682"",""country"":""Saudi Arabia""}","[""Maiores quia qui voluptates corporis quas."",""Officia a et delectus nostrum consectetur et velit rerum."",""Sed nemo autem qui mollitia."",""Est placeat placeat unde voluptates voluptate voluptatem ad."",""Sit cupiditate fugit non aut ea quam.""]","[{""sku"":""SKU_0005"",""quantity"":5,""price"":48.61}]"
3a0a7733-ccfe-3f50-9bd6-c2cb7fe7f76f,3be1f9d6-3077-3d1b-b7b1-0be0b7d5c820,2025-05-07T10:53:05+00:00,,,5.81,purdy.monty@bauch.info,"Karolann Mante","{""street"":""625 Koepp Parkway"",""city"":""Watersberg"",""zip"":""56986"",""country"":""Fiji""}","[""Et sed velit voluptatem."",""Natus voluptatem qui alias ipsam deserunt."",""Doloremque cumque vitae est quidem dicta.""]","[{""sku"":""SKU_0004"",""quantity"":8,""price"":282.63},{""sku"":""SKU_0004"",""quantity"":9,""price"":282.63}]"
5c912d24-b939-3f69-af09-03641bb98753,81686dec-2e4b-3d1d-b981-4ac3d2e75cff,2025-02-26T18:55:15+00:00,2025-03-01T18:55:15+00:00,,,lockman.edmund@strosin.com,"Isaiah Brakus","{""street"":""433 Turner Parkways"",""city"":""South Kelli"",""zip"":""66932-8073"",""country"":""Aruba""}","[""Inventore occaecati ratione vel et et harum."",""Dolore sit quasi quibusdam laborum."",""Repudiandae corrupti soluta numquam tempore.""]","[{""sku"":""SKU_0003"",""quantity"":4,""price"":292.53},{""sku"":""SKU_0002"",""quantity"":10,""price"":437.5}]"
